﻿<?xml version="1.0" encoding="utf-8" ?>
<packages>
  <package id="jquery">
    <path from="scripts" to="~/Frontend/Scripts/libs/jquery/{ver}" />
  </package>
  <package id="knockoutjs">
    <path from="scripts" to="~/Frontend/Scripts/libs/knockout" />
  </package>
  <package id="Twitter.Bootstrap.Less">
    <path from="scripts" to="~/Frontend/Scripts/libs/bootstrap/{ver}" />
    <path from="content" to="~/Frontend/Styles/bootstrap/{ver}"/>
  </package>
  <package id="Knockout.Mapping">
    <path form="scripts" to="~/Fronted/Scripts/libs/knockout" />
  </package>
  <package id="Knockout-Validation">
    <path form="scripts" to="~/Fronted/Scripts/libs/knockout" />
  </package>
</packages>